[
    { "country": "DRC", "gdp": 475, "gini-coefficient": 45.7, "unemployment-rate": 46.10, "unemployment-rate-year": 2013 },
    { "country": "MZ", "gdp": 502, "gini-coefficient": 54.0, "unemployment-rate": 25.04, "unemployment-rate-year": 2017 },
    { "country": "UG", "gdp": 759, "gini-coefficient": 42.8, "unemployment-rate": 2.10, "unemployment-rate-year": 2017 },
    { "country": "TJ", "gdp": 861, "gini-coefficient": 34.0, "unemployment-rate": 2.30, "unemployment-rate-year": 2018 },
    { "country": "YE", "gdp": 913, "gini-coefficient": 36.7, "unemployment-rate": 12.90, "unemployment-rate-year": 2018 },
    { "country": "HT", "gdp": 923, "gini-coefficient": 41.1, "unemployment-rate": 14.00, "unemployment-rate-year": 2017 },
    { "country": "ET", "gdp": 1122, "gini-coefficient": 39.1, "unemployment-rate": 19.10, "unemployment-rate-year": 2018 },
    { "country": "TZ", "gdp": 1159, "gini-coefficient": 37.8, "unemployment-rate": 10.30, "unemployment-rate-year": 2014 },
    { "country": "KG", "gdp": 1266, "gini-coefficient": 27.3, "unemployment-rate": 3.20, "unemployment-rate-year": 2019 },
    { "country": "UZ", "gdp": 1350, "gini-coefficient": 35.3, "unemployment-rate": 6.90, "unemployment-rate-year": 2018 }
]
